Date,Open,High,Low,Close,Volume,overall_sentiment_score
2023-10-03,171.22,174.3,170.82,172.4,101759148.0,
2023-09-29,189.485,189.98,167.62,171.21,1337873796.0,
2023-08-31,196.235,196.73,171.96,187.87,1323817340.0,
2023-07-31,193.78,198.23,186.6,196.45,996368613.0,
2023-06-30,177.7,194.48,176.9306,193.97,1297863403.0,
2023-05-31,169.28,179.35,164.31,177.25,1275052503.0,
2023-04-28,164.27,169.85,159.78,169.68,967580718.0,
2023-03-31,146.83,165.0,143.9,164.9,1520461315.0,
2023-02-28,143.97,157.38,141.32,147.41,1307294493.0,
2023-01-31,130.28,147.23,124.17,144.29,1443652725.0,
2022-12-30,148.21,150.9199,125.87,129.93,1675731304.0,
2022-11-30,155.08,155.45,134.38,148.03,1724948219.0,
2022-10-31,138.21,157.5,134.37,153.34,1868381344.0,
2022-09-30,156.64,164.26,138.0,138.2,2083968147.0,
2022-08-31,161.01,176.15,157.14,157.22,1509735435.0,
2022-07-29,136.04,163.63,135.66,162.51,1447364668.0,
2022-06-30,149.9,151.74,129.04,136.72,1749297959.0,
2022-05-31,156.71,166.48,132.61,148.84,2400305601.0,
2022-04-29,174.03,178.49,155.38,157.65,1683547838.0,
2022-03-31,164.695,179.61,150.1,174.61,2171827429.0,
2022-02-28,174.01,176.65,152.0,165.12,1628570227.0,
2022-01-31,177.83,182.94,154.7,174.78,2106513962.0,
2021-12-31,167.48,182.13,157.8,177.57,2443227128.0,
2021-11-30,148.985,165.7,147.48,165.3,1688864233.0,
2021-10-29,141.9,153.165,138.27,149.8,1565079040.0,
2021-09-30,152.83,157.26,141.27,141.5,1797948421.0,
2021-08-31,146.36,153.49,144.5,151.83,1462773381.0,
2021-07-30,136.6,150.0,135.76,145.86,1916751489.0,
2021-06-30,125.08,137.41,123.13,136.96,1606114354.0,
2021-05-28,132.04,134.07,122.25,124.61,1711935110.0,
2021-04-30,123.66,137.07,122.49,131.46,1889956694.0,
2021-03-31,123.75,128.72,116.21,122.15,2650845211.0,
2021-02-26,133.75,137.877,118.39,121.26,1825486961.0,
2021-01-29,133.52,145.09,126.382,131.96,2239366098.0,
2020-12-31,121.01,138.789,120.01,132.69,2319687808.0,
2020-11-30,109.11,121.99,107.32,119.05,2122724412.0,
2020-10-30,117.64,125.39,107.72,108.86,2895317580.0,
2020-09-30,132.76,137.98,103.1,115.81,3886793083.0,
2020-08-31,432.8,515.14,126.0,129.04,1184207050.0,
2020-07-31,365.12,425.66,356.58,425.04,755162226.0,
2020-06-30,317.75,372.38,317.21,364.8,810900890.0,
2020-05-29,286.25,324.24,285.85,317.94,701660022.0,
2020-04-30,246.5,294.53,236.9,293.8,816530808.0,
2020-03-31,282.28,304.0,212.61,254.29,1570331732.0,
2020-02-28,304.3,327.22,256.37,273.36,755223231.0,
2020-01-31,296.24,327.85,292.75,309.51,734044103.0,
2019-12-31,267.27,293.97,256.29,293.65,598871365.0,
2019-11-29,249.54,268.0,249.16,267.25,448922253.0,
2019-10-31,225.07,249.75,215.13,248.76,621478768.0,
2019-09-30,206.43,226.42,204.22,223.97,547408488.0,
2019-08-30,213.9,218.03,192.58,208.74,683515746.0,
2019-07-31,203.17,221.37,198.41,213.04,473957094.0,
2019-06-28,175.6,201.57,170.27,197.92,515218768.0,
2019-05-31,209.88,215.31,174.99,175.07,739456573.0,
2019-04-30,191.64,208.48,188.38,200.67,506117812.0,
2019-03-29,174.28,197.69,169.5,189.95,650981384.0,
2019-02-28,166.96,175.87,165.93,173.15,472540723.0,
2019-01-31,154.89,169.0,142.0,166.44,828099179.0,
2018-12-31,184.46,184.94,146.59,157.74,898917007.0,
2018-11-30,219.05,222.36,170.26,178.58,961321947.0,
2018-10-31,227.95,233.47,206.09,218.86,789748068.0,
2018-09-28,228.41,229.67,215.3,225.74,678972040.0,
2018-08-31,199.13,228.87,197.31,227.63,700318837.0,
2018-07-31,183.82,195.96,183.42,190.29,393843881.0,
2018-06-29,187.99,194.2,180.73,185.11,527624365.0,
2018-05-31,166.41,190.37,165.27,186.87,620976206.0,
2018-04-30,166.64,178.94,160.63,165.26,666360147.0,
2018-03-29,178.54,183.5,164.94,167.78,701387082.0,
2018-02-28,167.17,180.62,150.24,178.12,888378184.0,
2018-01-31,170.16,180.1,164.7,167.43,639245534.0,
2017-12-29,169.95,177.2,166.46,169.23,518560008.0,
2017-11-30,169.87,176.24,165.28,171.85,581374608.0,
2017-10-31,154.26,169.6499,152.46,169.04,496135305.0,
2017-09-29,164.8,164.94,149.16,154.12,669594016.0,
2017-08-31,149.1,164.52,148.41,164.0,638221161.0,
2017-07-31,144.88,153.99,142.41,148.73,411377229.0,
2017-06-30,153.17,155.98,142.2,144.02,664986406.0,
2017-05-31,145.1,156.65,144.27,152.76,635292989.0,
2017-04-28,143.71,145.46,140.06,143.65,371280180.0,
2017-03-31,137.89,144.5,137.05,143.66,562091214.0,
2017-02-28,127.03,137.48,127.01,136.99,574968547.0,
2017-01-31,115.8,122.44,114.76,121.35,563331160.0,
2016-12-30,110.365,118.0166,108.25,115.82,608771645.0,
2016-11-30,113.46,113.77,104.08,110.52,721554967.0,
2016-10-31,112.71,118.69,112.28,113.54,686914224.0,
2016-09-30,106.14,116.18,102.53,113.05,970096738.0,
2016-08-31,104.41,110.23,104.0,106.1,630128567.0,
2016-07-29,95.49,104.55,94.37,104.21,685779613.0,
2016-06-30,99.02,101.89,91.5,95.6,780630235.0,
2016-05-31,93.965,100.73,89.47,99.86,901144768.0,
2016-04-29,108.78,112.39,92.51,93.74,872383623.0,
2016-03-31,97.65,110.42,97.42,108.99,745756771.0,
2016-02-29,96.47,98.89,92.59,96.69,810862547.0,
2016-01-29,102.61,105.85,92.39,97.34,1271848087.0,
2015-12-31,118.75,119.86,104.82,105.26,922626259.0,
2015-11-30,119.87,123.82,111.0,118.3,750606735.0,
2015-10-30,109.07,121.22,107.31,119.5,1113703829.0,
2015-09-30,110.18,116.89,107.36,109.95,1203789074.0,
2015-08-31,121.5,122.57,92.0,112.76,1606359115.0,
2015-07-31,126.9,132.97,119.22,121.3,1058280697.0,
2015-06-30,131.2,131.39,124.48,125.425,878606841.0,
2015-05-29,126.1,132.97,123.36,130.28,954152126.0,
2015-04-30,124.82,134.54,123.1,125.15,996135511.0,
2015-03-31,129.25,130.28,121.63,124.43,1138641910.0,
2015-02-27,118.05,133.6,116.08,128.46,1136535493.0,
2015-01-30,111.39,120.0,104.63,117.16,1304879185.0,
2014-12-31,118.81,119.25,106.26,110.38,1073775862.0,
2014-11-28,108.22,119.75,107.72,118.93,820471729.0,
2014-10-31,100.59,108.04,95.18,108.0,1360280122.0,
2014-09-30,103.06,103.74,96.14,100.75,1523782675.0,
2014-08-29,94.9,102.9,93.28,102.5,930931500.0,
2014-07-31,93.52,99.44,92.57,95.6,1035191700.0,
2014-06-30,633.96,651.26,89.65,92.93,853194497.0,
2014-05-30,592.0,644.17,580.33,633.0,204845300.0,
2014-04-30,537.76,599.43,511.33,590.09,229823600.0,
2014-03-31,523.42,549.0,522.81,536.74,178632100.0,
2014-02-28,502.61,551.19,499.3,526.24,210013100.0,
2014-01-31,555.68,560.2,493.55,500.6,313069800.0,
2013-12-31,558.0,575.1358,538.8,561.02,252049900.0,
2013-11-29,524.02,558.33,512.38,556.07,186612700.0,
2013-10-31,478.45,539.25,478.28,522.702,279919000.0,
2013-09-30,493.1,507.92,447.22,476.75,308247900.0,
2013-08-30,455.7527,513.74,453.26,487.216,287797800.0,
2013-07-31,402.69,457.3425,401.22,452.53,233504100.0,
2013-06-28,450.73,454.43,388.87,396.53,250662000.0,
2013-05-31,444.46,465.75,418.9,449.735,337411800.0,
2013-04-30,441.9,445.25,385.1,442.78,391553200.0,
2013-03-28,438.0,469.95,419.0,442.66,327745600.0,
2013-02-28,459.11,484.94,437.66,441.4,333715500.0,
2013-01-31,553.82,555.0,435.0,455.49,468693700.0,
2012-12-31,593.65,594.59,501.23,532.1729,433312600.0,
2012-11-30,598.22,603.0,505.7501,585.28,461780400.0,
2012-10-31,671.5,676.75,587.7,595.32,433672500.0,
2012-09-28,665.76,705.07,656.0,667.105,328535900.0,
2012-08-31,615.905,680.87,600.25,665.24,295578800.0,
2012-07-31,584.73,619.87,570.0,610.76,318201800.0,
2012-06-29,569.16,590.0,548.5,584.0,280565200.0,
2012-05-31,584.9,596.76,522.18,577.73,396655200.0,
2012-04-30,601.83,644.0,555.0,583.98,557106800.0,
2012-03-30,548.17,621.45,516.221,599.55,556583500.0,
2012-02-29,458.41,547.61,453.98,542.44,406019800.0,
2012-01-31,409.4,458.24,409.0,456.48,244994800.0,
2011-12-30,382.54,409.09,377.68,405.0,225233300.0,
2011-11-30,397.41,408.0,363.32,382.2,320132200.0,
2011-10-31,380.37,426.7,354.24,404.78,469336700.0,
2011-09-30,385.82,422.86,366.48,381.32,427766000.0,
2011-08-31,397.78,399.5,353.02,384.83,576521400.0,
2011-07-29,335.95,404.5,334.2,390.48,380498100.0,
2011-06-30,348.87,352.132,310.5,335.67,330851800.0,
2011-05-31,349.74,351.83,329.42,347.83,246859300.0,
2011-04-29,351.11,355.13,320.16,350.13,330493900.0,
2011-03-31,355.47,361.67,326.26,348.5075,403802100.0,
2011-02-28,341.3,364.9,337.72,353.21,331998200.0,
2011-01-31,325.64,348.6,324.8365,339.32,387197700.0,
2010-12-31,315.27,326.66,314.89,322.56,249044100.0,
2010-11-30,302.22,321.3,297.76,311.15,339574500.0,
2010-10-29,283.75,319.0,277.77,300.98,436949200.0,
2010-09-30,247.47,294.73,246.28,283.75,423211400.0,
2010-08-31,260.44,264.28,235.56,243.1,342468600.0,
2010-07-30,254.3,265.99,239.6,257.25,559632300.0,
2010-06-30,259.69,279.01,242.2,251.53,594687600.0,
2010-05-28,263.84,267.88,199.25,256.88,645809100.0,
2010-04-30,237.49,272.46,232.75,261.09,441683200.0,
2010-03-31,205.75,237.48,205.45,235.0,434077600.0,
2010-02-26,192.37,205.17,190.85,204.62,384860000.0,
2010-01-29,213.43,215.59,190.25,192.063,541749800.0,
2009-12-31,202.24,213.95,188.68,210.732,406927100.0,
2009-11-30,189.8,208.0,185.57,199.91,301956600.0,
2009-10-30,185.35,208.7099,180.7,188.5,462720600.0,
2009-09-30,167.99,188.9,164.11,185.35,356761400.0,
2009-08-31,165.21,172.49,159.42,168.21,291611600.0,
2009-07-31,143.5,165.0,134.42,163.39,390790600.0,
2009-06-30,136.47,146.4,132.88,142.43,452699000.0,
2009-05-29,125.8,135.9,119.38,135.81,337755100.0,
2009-04-30,104.09,127.2,103.89,125.83,422202900.0,
2009-03-31,89.31,109.98,82.33,105.12,550878500.0,
2009-02-27,89.1,103.0,86.51,89.31,495266100.0,
2009-01-30,85.88,97.17,78.2,90.13,646633600.0,
2008-12-31,91.3,103.6,84.55,85.35,721923100.0,
2008-11-28,105.93,111.79,79.14,92.67,843552200.0,
2008-10-31,111.92,116.4,85.0,107.59,1479525400.0,
2008-09-30,172.4,173.5,100.59,113.66,859555800.0,
2008-08-29,159.94,180.45,152.91,169.53,467348400.0,
2008-07-31,164.05,180.91,146.53,158.95,705348600.0,
2008-06-30,188.5,189.95,164.15,167.44,695564100.0,
2008-05-30,175.01,192.24,172.0,188.75,663864800.0,
2008-04-30,146.3,180.0,143.61,173.95,813820800.0,
2008-03-31,124.44,145.74,118.0,143.5,818831200.0,
2008-02-29,136.24,136.59,115.44,125.02,888069800.0,
2008-01-31,199.27,200.26,126.14,135.36,1256210300.0,
2007-12-31,181.86,202.96,176.99,198.08,616167100.0,
2007-11-30,188.6,192.68,150.63,182.22,935706800.0,
2007-10-31,154.63,190.12,152.93,189.95,831349700.0,
2007-09-28,139.94,155.0,130.0,153.47,747543700.0,
2007-08-31,133.64,139.65,111.62,138.48,870028500.0,
2007-07-31,121.05,148.92,119.3,131.76,857806200.0,
2007-06-29,121.1,127.61,115.4,122.04,831412200.0,
2007-05-31,99.59,122.17,98.55,121.191,620181000.0,
2007-04-30,94.14,102.5,89.6,99.8,480705000.0,
2007-03-30,84.03,96.83,83.75,92.91,568523000.0,
2007-02-28,86.23,90.81,82.86,84.61,490084100.0,
2007-01-31,86.29,97.8,81.9,85.73,971777900.0,
2006-12-29,91.8,92.33,76.77,84.84,603242600.0,
2006-11-30,81.1,93.159,77.79,91.66,494103000.0,
2006-10-31,75.1,82.6,72.6,81.08,513855600.0,
2006-09-29,68.48,77.78,67.82,76.98,632912800.0,
2006-08-31,67.22,70.0,62.58,67.85,638844500.0,
2006-07-31,57.52,68.63,50.16,67.96,624276500.0,
2006-06-30,59.85,63.1,55.41,57.27,640593700.0,
2006-05-31,70.78,73.8,58.69,59.77,557456400.0,
2006-04-28,63.66,72.05,61.05,70.39,718545800.0,
2006-03-31,69.0,69.99,57.67,62.72,828308300.0,
2006-02-28,75.0,76.46,62.9,68.49,670024900.0,
2006-01-31,72.332,86.4,70.87,75.51,781370400.0,
2005-12-30,68.95,75.46,68.81,71.89,466577300.0,
2005-11-30,57.24,71.07,56.87,67.82,480586700.0,
2005-10-31,54.16,57.98,47.87,57.59,665837400.0,
2005-09-30,47.0,54.56,46.09,53.61,440991800.0,
2005-08-31,42.6,48.33,42.02,46.89,335743100.0,
2005-07-29,36.83,44.38,36.29,42.65,360508800.0,
2005-06-30,39.89,40.76,35.52,36.81,404542700.0,
2005-05-31,36.21,40.94,33.11,39.7593,459224800.0,
2005-04-29,42.09,44.45,34.0,36.06,691982800.0,
2005-03-31,44.99,45.11,38.83,41.67,524140000.0,
2005-02-28,77.05,90.88,43.96,44.86,383016900.0,
2005-01-31,64.78,77.89,62.6,76.9,459075800.0,
2004-12-31,67.79,67.95,61.6,64.4,284796700.0,
2004-11-30,52.5,69.57,52.04,67.05,311421500.0,
2004-10-29,39.15,53.2,37.65,52.4,287399400.0,
2004-09-30,34.3,39.27,34.19,38.75,137026900.0,
2004-08-31,31.18,35.18,29.7,34.49,143060100.0,
2004-07-30,32.08,33.63,28.74,32.34,173153200.0,
2004-06-30,27.79,34.19,27.61,32.54,146914900.0,
2004-05-28,26.0,28.78,25.5,28.06,94719200.0,
2004-04-30,26.9,29.58,25.49,25.78,159467400.0,
2004-03-31,24.09,28.14,23.6,27.04,207609200.0,
2004-02-27,22.46,24.1,21.7,23.92,87893400.0,
2004-01-30,21.55,24.84,21.18,22.56,141567900.0,
2003-12-31,21.04,21.9,19.25,21.37,97390600.0,
2003-11-28,22.83,23.3,19.85,20.91,88823300.0,
2003-10-31,20.75,25.011,20.19,22.89,125717700.0,
2003-09-30,22.66,23.32,20.149,20.72,95490800.0,
2003-08-29,21.0,22.85,19.42,22.61,76920800.0,
2003-07-31,18.87,21.57,18.51,21.08,93183400.0,
2003-06-30,18.1,19.69,16.63,19.06,109166700.0,
2003-05-30,14.25,19.0,14.0,17.95,193063300.0,
2003-04-30,14.2,14.95,12.72,14.22,138845400.0,
2003-03-31,15.01,15.16,14.04,14.14,71935800.0,
2003-02-28,14.41,15.3,13.8,15.01,73469700.0,
2003-01-31,14.36,15.38,13.56,14.36,107961300.0,
2002-12-31,15.9,16.1,13.78,14.33,80900700.0,
2002-11-29,15.94,17.38,15.01,15.5,80923600.0,
2002-10-31,14.59,16.44,13.36,16.07,118061300.0,
2002-09-30,14.49,15.19,14.05,14.5,94497100.0,
2002-08-30,15.11,16.25,13.97,14.75,91994400.0,
2002-07-31,17.71,18.79,13.8,15.26,144971700.0,
2002-06-28,23.39,23.45,15.98,17.72,155500300.0,
2002-05-31,24.29,25.98,22.14,23.3,106717100.0,
2002-04-30,24.7,26.17,23.0,24.27,114693500.0,
2002-03-28,21.93,25.3,21.82,23.67,94974700.0,
2002-02-28,24.96,25.98,20.94,21.7,139954000.0,
2002-01-31,22.05,24.73,20.26,24.72,152060300.0,
2001-12-31,21.06,24.03,20.09,21.9,82675700.0,
2001-11-30,17.65,21.55,17.25,21.3,95888300.0,
2001-10-31,15.49,19.42,14.83,17.56,134718700.0,
2001-09-28,18.5,19.08,14.68,15.51,98777200.0,
2001-08-31,19.01,19.9,17.28,18.55,91595700.0,
2001-07-31,23.64,25.22,17.85,18.79,154555400.0,
2001-06-29,20.13,25.1,19.35,23.25,136397600.0,
2001-05-31,25.41,26.7,19.3,19.95,133364900.0,
2001-04-30,22.09,27.12,18.75,25.49,199267700.0,
2001-03-30,17.81,23.75,17.19,22.07,192840400.0,
2001-02-28,20.69,21.94,18.0,18.25,125424400.0,
2001-01-31,14.88,22.5,14.44,21.62,244811800.0,
2000-12-29,17.0,17.5,13.63,14.88,158195900.0,
2000-11-30,19.44,23.0,16.12,16.5,151578100.0,
2000-10-31,26.69,26.75,17.5,19.56,391174800.0,
2000-09-29,61.31,64.12,25.37,25.75,259230900.0,
2000-08-31,50.31,61.5,44.25,60.94,100644400.0,
2000-07-31,52.13,60.63,46.88,50.81,102620900.0,
2000-06-30,81.75,103.94,50.31,52.38,89106200.0,
2000-05-31,124.87,126.25,81.75,84.0,87569200.0,
2000-04-28,135.5,139.5,104.87,124.06,77342900.0,
2000-03-31,118.56,150.38,114.0,135.81,77663900.0,
2000-02-29,104.0,119.94,97.0,114.62,65355200.0,
2000-01-31,104.87,121.5,86.5,103.75,112099800.0,
1999-12-31,101.0,118.0,91.06,102.81,84091200.0,
,,,,,,0.314573
,,,,,,0.253635
,,,,,,0.157888
,,,,,,0.156267
,,,,,,0.081571
,,,,,,-0.0653
,,,,,,0.074174
,,,,,,0.072699
,,,,,,0.0
,,,,,,0.158913
,,,,,,0.274107
,,,,,,0.12482
,,,,,,0.092442
,,,,,,0.306817
,,,,,,0.173387
,,,,,,0.262285
,,,,,,0.263228
,,,,,,0.026365
,,,,,,0.227618
,,,,,,0.260214
,,,,,,0.064777
,,,,,,0.195412
,,,,,,0.285037
,,,,,,0.220669
,,,,,,0.136895
,,,,,,0.264858
,,,,,,0.416565
,,,,,,0.225268
,,,,,,0.188317
,,,,,,0.189774
,,,,,,0.063953
,,,,,,0.211249
,,,,,,0.170802
,,,,,,0.039014
,,,,,,-0.009694
,,,,,,0.047285
,,,,,,0.141732
,,,,,,0.092422
,,,,,,0.040803
,,,,,,-0.076777
,,,,,,0.317335
,,,,,,0.350563
,,,,,,0.187295
,,,,,,0.113848
,,,,,,0.262624
,,,,,,0.162745
,,,,,,0.119482
,,,,,,0.287351
,,,,,,-0.112403
,,,,,,0.195654
,,,,,,0.206709
,,,,,,0.168352
,,,,,,0.302189
,,,,,,0.251836
,,,,,,0.22974
,,,,,,0.0
,,,,,,0.126413
,,,,,,0.154366
,,,,,,0.10562
,,,,,,0.026571
,,,,,,0.112981
,,,,,,0.135055
,,,,,,0.18431
,,,,,,0.154122
,,,,,,0.14036
,,,,,,0.322402
,,,,,,0.216087
,,,,,,-0.01959
,,,,,,0.162276
,,,,,,0.236597
,,,,,,0.272298
,,,,,,0.029772
,,,,,,0.136129
,,,,,,0.293159
,,,,,,0.278069
,,,,,,0.304491
,,,,,,0.240107
,,,,,,0.172704
,,,,,,0.10859
,,,,,,0.236215
,,,,,,0.136129
,,,,,,0.128943
,,,,,,0.137392
,,,,,,0.125492
,,,,,,0.230191
,,,,,,0.311593
,,,,,,0.184108
,,,,,,0.103253
,,,,,,0.389554
,,,,,,0.264011
,,,,,,0.249842
,,,,,,0.137969
,,,,,,0.131162
,,,,,,0.138927
,,,,,,0.071454
,,,,,,0.142009
,,,,,,0.259213
,,,,,,-0.214546
,,,,,,0.074353
,,,,,,0.132281
,,,,,,0.342347
,,,,,,0.062352
,,,,,,0.295949
,,,,,,0.326226
,,,,,,0.235933
,,,,,,0.18802
,,,,,,-0.002429
,,,,,,0.138092
,,,,,,0.142883
,,,,,,-0.055769
,,,,,,0.222801
,,,,,,-0.007269
,,,,,,0.183974
,,,,,,0.185698
,,,,,,0.096621
,,,,,,0.180518
,,,,,,0.257059
,,,,,,0.130109
,,,,,,0.307071
,,,,,,0.29775
,,,,,,0.288499
,,,,,,0.040738
,,,,,,0.152495
,,,,,,0.175649
,,,,,,0.309561
,,,,,,0.134941
,,,,,,0.050538
,,,,,,0.130789
,,,,,,0.09998
,,,,,,0.210728
,,,,,,0.147447
,,,,,,0.175449
,,,,,,0.329164
,,,,,,-0.009687
,,,,,,0.151487
,,,,,,0.134073
,,,,,,-0.021674
,,,,,,-0.00977
,,,,,,0.161315
,,,,,,0.021385
,,,,,,0.164098
,,,,,,0.069812
,,,,,,0.272517
,,,,,,0.278136
,,,,,,0.11882
,,,,,,0.266147
,,,,,,0.036402
,,,,,,0.206071
,,,,,,0.21772
,,,,,,0.03173
,,,,,,-0.019146
,,,,,,0.30479
,,,,,,0.30398
,,,,,,0.266785
,,,,,,0.343774
,,,,,,0.275182
,,,,,,0.254239
,,,,,,0.108347
,,,,,,0.324759
,,,,,,0.322598
,,,,,,-0.140974
,,,,,,-0.067229
,,,,,,0.286988
,,,,,,0.161166
,,,,,,0.29557
,,,,,,0.161112
,,,,,,-0.097663
,,,,,,0.359993
,,,,,,0.254173
,,,,,,0.304599
,,,,,,-0.40148
,,,,,,0.091229
,,,,,,0.106894
,,,,,,0.0
,,,,,,0.119993
,,,,,,0.355888
,,,,,,0.270428
,,,,,,0.016883
,,,,,,-0.019396
,,,,,,0.323691
,,,,,,0.125016
,,,,,,0.189208
,,,,,,0.313362
,,,,,,0.197597
,,,,,,-0.016996
,,,,,,0.206051
,,,,,,0.092685
,,,,,,0.153989
,,,,,,-0.180733
,,,,,,-0.04221
,,,,,,0.156267
,,,,,,0.21578
,,,,,,0.104977
,,,,,,0.10542
,,,,,,0.20379
,,,,,,0.286754
,,,,,,0.27812
,,,,,,0.19574
,,,,,,0.261036
,,,,,,0.207564
,,,,,,0.283221
,,,,,,0.422621
,,,,,,0.247025
,,,,,,0.270884
,,,,,,0.195954
,,,,,,0.127802
,,,,,,0.089004
,,,,,,0.028648
,,,,,,-0.212084
,,,,,,0.118662
,,,,,,0.016993
,,,,,,-0.113277
,,,,,,0.186463
,,,,,,0.175419
,,,,,,0.129987
,,,,,,0.052262
,,,,,,0.196575
,,,,,,0.22841
,,,,,,0.221351
,,,,,,0.077816
,,,,,,0.090913
,,,,,,0.166307
,,,,,,0.213836
,,,,,,0.087062
,,,,,,-0.002426
,,,,,,0.180899
,,,,,,0.203523
,,,,,,0.378105
,,,,,,0.043463
,,,,,,0.250908
,,,,,,0.326552
,,,,,,0.164251
,,,,,,0.367057
,,,,,,0.076753
,,,,,,0.06361
,,,,,,0.092874
,,,,,,0.290335
,,,,,,0.227104
,,,,,,0.091715
,,,,,,0.272336
,,,,,,0.307897
,,,,,,0.176083
,,,,,,-0.112184
,,,,,,0.286139
,,,,,,0.167523
,,,,,,0.261649
,,,,,,0.228226
,,,,,,0.066372
,,,,,,0.187299
,,,,,,0.147655
,,,,,,0.177398
,,,,,,0.275004
,,,,,,0.163856
,,,,,,0.177262
,,,,,,-0.116054
,,,,,,0.002401
,,,,,,0.290199
,,,,,,0.449223
,,,,,,0.243169
,,,,,,0.166112
,,,,,,0.095621
,,,,,,0.122848
,,,,,,0.05563
,,,,,,0.128937
,,,,,,0.219128
,,,,,,0.160819
,,,,,,0.014487
,,,,,,0.007096
,,,,,,-0.115323
,,,,,,0.359164
,,,,,,0.240717
,,,,,,0.1855
,,,,,,0.301357
,,,,,,0.225449
,,,,,,0.219128
,,,,,,0.268236
,,,,,,0.029085
,,,,,,0.231076
,,,,,,0.100659
,,,,,,0.123971
,,,,,,0.17679
,,,,,,0.238734
,,,,,,0.176187
,,,,,,0.212441
,,,,,,0.155955
,,,,,,0.307897
,,,,,,0.266393
,,,,,,0.143424
,,,,,,-0.059872
,,,,,,0.270061
,,,,,,0.196047
,,,,,,0.132835
,,,,,,0.233185
,,,,,,0.38899
,,,,,,0.183488
,,,,,,0.237027
,,,,,,0.100716
,,,,,,0.041454
,,,,,,0.258715
,,,,,,0.135231
,,,,,,0.299498
,,,,,,0.15031
,,,,,,0.2148
,,,,,,0.226895
,,,,,,0.345158
,,,,,,0.257764
,,,,,,0.164043
,,,,,,0.178553
,,,,,,0.42737
,,,,,,0.426914
,,,,,,0.336785
,,,,,,0.193294
,,,,,,0.159859
,,,,,,0.055576
,,,,,,0.194615
,,,,,,0.198431
,,,,,,0.299553
,,,,,,0.103318
,,,,,,0.098287
,,,,,,0.417319
,,,,,,-0.050299
,,,,,,0.172369
,,,,,,0.0
,,,,,,0.102318
,,,,,,0.099046
,,,,,,0.127884
,,,,,,0.209632
,,,,,,0.297503
,,,,,,0.171725
,,,,,,0.30116
,,,,,,0.188092
,,,,,,0.007237
,,,,,,0.284923
,,,,,,-0.109072
,,,,,,0.087652
,,,,,,0.10686
,,,,,,0.264613
,,,,,,0.162192
,,,,,,0.196584
,,,,,,0.177095
,,,,,,0.187889
,,,,,,-0.234147
,,,,,,0.167147
,,,,,,0.345124
,,,,,,0.179554
,,,,,,-0.059848
,,,,,,0.050537
,,,,,,0.024
,,,,,,0.143447
,,,,,,-0.058456
,,,,,,0.097856
,,,,,,0.070302
,,,,,,0.200098
,,,,,,0.009694
,,,,,,0.021436
,,,,,,0.1013
,,,,,,0.111697
,,,,,,0.272801
,,,,,,0.147033
,,,,,,0.251855
,,,,,,0.041286
,,,,,,0.095213
,,,,,,0.15009
,,,,,,0.164747
,,,,,,0.314604
,,,,,,0.164795
,,,,,,0.042234
,,,,,,0.296446
,,,,,,0.22091
,,,,,,0.030808
,,,,,,0.355013
,,,,,,0.402996
,,,,,,0.05092
,,,,,,0.247479
,,,,,,0.170518
,,,,,,0.170518
,,,,,,0.004743
,,,,,,0.134397
,,,,,,0.170131
,,,,,,0.180397
,,,,,,0.065871
,,,,,,0.144478
,,,,,,0.274859
,,,,,,0.15265
,,,,,,0.058943
,,,,,,0.064239
,,,,,,0.199909
,,,,,,0.090571
,,,,,,0.277141
,,,,,,0.141201
,,,,,,0.109249
,,,,,,0.090571
,,,,,,0.249664
,,,,,,0.050063
,,,,,,0.297056
,,,,,,0.36762
,,,,,,0.095956
,,,,,,0.336129
,,,,,,0.02175
,,,,,,0.146432
,,,,,,0.240685
,,,,,,-0.038631
,,,,,,0.262368
,,,,,,0.176876
,,,,,,0.075222
,,,,,,0.271932
,,,,,,0.0
,,,,,,0.136042
,,,,,,0.309069
,,,,,,0.160819
,,,,,,0.035587
,,,,,,0.099461
,,,,,,-0.154904
,,,,,,0.23826
,,,,,,0.293766
,,,,,,0.334406
,,,,,,0.214093
,,,,,,0.171697
,,,,,,0.08437
,,,,,,0.098295
,,,,,,-0.096502
,,,,,,0.127997
,,,,,,0.121061
,,,,,,0.099757
,,,,,,0.026334
,,,,,,0.159705
,,,,,,0.168336
,,,,,,0.030249
,,,,,,0.145614
,,,,,,-0.169249
,,,,,,0.021669
,,,,,,0.174621
,,,,,,0.16758
,,,,,,0.357951
,,,,,,0.056892
,,,,,,0.153111
,,,,,,0.048371
,,,,,,0.326024
,,,,,,-0.014898
,,,,,,0.17111
,,,,,,0.293906
,,,,,,0.23147
,,,,,,-0.070288
,,,,,,0.093276
,,,,,,0.208236
,,,,,,0.173315
,,,,,,0.065197
,,,,,,0.140073
,,,,,,0.249607
,,,,,,0.349563
,,,,,,0.079454
,,,,,,-0.00243
,,,,,,0.194917
,,,,,,0.143109
,,,,,,0.126113
,,,,,,0.099404
,,,,,,0.060749
,,,,,,0.148552
,,,,,,0.147597
,,,,,,0.167562
,,,,,,0.252934
,,,,,,0.285392
,,,,,,-0.069908
,,,,,,0.089376
,,,,,,0.088585
,,,,,,0.353939
,,,,,,0.083886
,,,,,,0.239167
,,,,,,0.353531
,,,,,,0.190575
,,,,,,0.144447
,,,,,,0.016923
,,,,,,0.208229
,,,,,,0.309151
,,,,,,0.267375
,,,,,,0.13079
,,,,,,0.093003
,,,,,,0.173105
,,,,,,0.426484
,,,,,,0.022061
,,,,,,0.254247
,,,,,,-0.007317
,,,,,,0.258547
,,,,,,-0.211156
,,,,,,0.048179
,,,,,,0.167674
,,,,,,0.375932
,,,,,,0.197389
,,,,,,-0.250643
,,,,,,0.058725
,,,,,,0.231914
,,,,,,0.178887
,,,,,,-0.101029
,,,,,,0.15283
,,,,,,0.305726
,,,,,,-0.128771
,,,,,,0.38568
,,,,,,0.220503
,,,,,,0.214815
,,,,,,0.192542
,,,,,,0.313924
,,,,,,0.062033
,,,,,,0.239649
,,,,,,0.093323
,,,,,,0.194887
,,,,,,0.134653
,,,,,,0.196077
,,,,,,0.371471
,,,,,,0.02686
,,,,,,0.159589
,,,,,,0.140716
,,,,,,0.295384
,,,,,,0.340583
,,,,,,0.268885
,,,,,,0.132923
,,,,,,0.173011
,,,,,,0.304935
,,,,,,0.174565
,,,,,,0.282026
,,,,,,0.136443
,,,,,,0.104214
,,,,,,-0.031242
,,,,,,0.253654
,,,,,,-0.014788
,,,,,,0.277728
,,,,,,-0.101764
,,,,,,0.026783
,,,,,,-0.024343
,,,,,,0.205777
,,,,,,0.381479
,,,,,,0.150388
,,,,,,0.088986
,,,,,,0.110572
,,,,,,0.039261
,,,,,,0.081473
,,,,,,0.187847
,,,,,,0.296847
,,,,,,0.081361
,,,,,,0.070197
,,,,,,0.1856
,,,,,,0.160789
,,,,,,0.08255
,,,,,,-0.060546
,,,,,,0.256796
,,,,,,-0.141161
,,,,,,0.228015
,,,,,,0.103756
,,,,,,0.060702
,,,,,,-0.238879
,,,,,,0.050883
,,,,,,0.058588
,,,,,,-0.00243
,,,,,,0.0
,,,,,,0.180223
,,,,,,0.042952
,,,,,,-0.201617
,,,,,,0.067396
,,,,,,0.24082
,,,,,,0.227272
,,,,,,0.094889
,,,,,,0.072429
,,,,,,0.09059
,,,,,,0.227595
,,,,,,0.273297
,,,,,,0.188027
,,,,,,0.007371
,,,,,,0.137165
,,,,,,0.097319
,,,,,,0.094764
,,,,,,0.05957
,,,,,,-0.029453
,,,,,,0.299726
,,,,,,0.067771
,,,,,,0.422917
,,,,,,0.246301
,,,,,,0.19879
,,,,,,0.133699
,,,,,,0.149046
,,,,,,0.002432
,,,,,,0.261958
,,,,,,0.164075
,,,,,,0.073995
,,,,,,0.150594
,,,,,,0.311045
,,,,,,-0.019375
,,,,,,0.324782
,,,,,,0.043512
,,,,,,0.052947
,,,,,,0.007136
,,,,,,0.239399
,,,,,,-0.16745
,,,,,,-0.044223
,,,,,,0.139875
,,,,,,0.150224
,,,,,,0.153353
,,,,,,-0.096496
,,,,,,0.210465
,,,,,,0.167664
,,,,,,0.242625
,,,,,,-0.040219
,,,,,,0.405697
,,,,,,0.292653
,,,,,,0.101602
,,,,,,0.344866
,,,,,,0.135164
,,,,,,0.016849
,,,,,,-0.0048
,,,,,,0.068845
,,,,,,0.284989
,,,,,,0.279401
,,,,,,0.095713
,,,,,,0.079692
,,,,,,0.114332
,,,,,,0.147182
,,,,,,0.194672
,,,,,,0.296267
,,,,,,-0.095164
,,,,,,-0.072013
,,,,,,0.419488
,,,,,,0.181649
,,,,,,0.263847
,,,,,,0.241319
,,,,,,0.244647
,,,,,,-0.086127
,,,,,,0.350301
,,,,,,0.157644
,,,,,,0.064081
,,,,,,0.27744
,,,,,,0.078757
,,,,,,0.224752
,,,,,,0.066305
,,,,,,0.304203
,,,,,,0.138783
,,,,,,0.126205
,,,,,,0.178997
,,,,,,-0.234946
,,,,,,0.137319
,,,,,,0.286114
,,,,,,0.085187
,,,,,,0.139293
,,,,,,-0.09169
,,,,,,0.166431
,,,,,,0.120839
,,,,,,0.021724
,,,,,,0.181172
,,,,,,0.162221
,,,,,,0.154532
,,,,,,0.057684
,,,,,,-0.13223
,,,,,,0.187258
,,,,,,0.0
,,,,,,0.023916
,,,,,,0.323392
,,,,,,-0.162118
,,,,,,0.221176
,,,,,,0.10988
,,,,,,0.009589
,,,,,,-0.060265
,,,,,,0.06214
,,,,,,0.2022
,,,,,,-0.10527
,,,,,,0.07472
,,,,,,-0.093218
,,,,,,-0.076976
,,,,,,-0.113432
,,,,,,-0.043384
,,,,,,0.054787
,,,,,,0.031231
,,,,,,0.096631
